model,accuracy,precision,recall,f1,auc
Logistic Regression,0.9761247132624877,0.061224489795918366,0.8918918918918919,0.11458333333333333,0.9629823267274027
Random Forest,0.9993680071157718,0.8852459016393442,0.7297297297297297,0.8,0.9648969629449371
AdaBoost,0.9989934928140068,0.7123287671232876,0.7027027027027027,0.7074829931972789,0.9693826141842461
XGBoost,0.9992041571087495,0.7702702702702703,0.7702702702702703,0.7702702702702703,0.9777211440478182
