model,accuracy,precision,recall,f1,auc
Logistic Regression,0.9761247132624877,0.061224489795918366,0.8918918918918919,0.11458333333333333,0.9629823267274027
Random Forest,0.9993445999719114,0.859375,0.7432432432432432,0.7971014492753623,0.9525807109867324
AdaBoost,0.9989466785262863,0.6835443037974683,0.7297297297297297,0.7058823529411765,0.961397701866188
